Major_Market_Sector,LLDPE_LDPE,HDPE,PP,PS,PVC,PET,PUR,Other Thermoplastics,Other Thermosets,Sum
Transportation,0.0095,0.0073,0.0272,0.0000,0.0000,0.0000,0.0063,0.0119,0.0080,0.07016
Packaging,0.0571,0.0436,0.1543,0.0087,0.0000,0.0726,0.0000,0.0013,0.0049,0.34259
Building_Construction,0.0190,0.0145,0.0091,0.0015,0.1352,0.0000,0.0153,0.0041,0.0180,0.21670
Electrical_Electronic,0.0095,0.0073,0.0091,0.0131,0.0156,0.0000,0.0153,0.0488,0.0051,0.12369
Household_Leisure_Sports,0.0060,0.0046,0.0115,0.0037,0.0088,0.0057,0.0456,0.0076,0.0218,0.11529
Agriculture,0.0238,0.0182,0.0000,0.0000,0.0104,0.0000,0.0000,0.0000,0.0049,0.05727
Others,0.0035,0.0027,0.0067,0.0021,0.0051,0.0033,0.0092,0.0106,0.0311,0.07431