Major_Market_Sector,LLDPE_LDPE,HDPE,PP,PS,PVC,PET,PUR,Other Thermoplastics,Other Thermosets,Sum
Transportation,0.000211,0.006532,0.014842,0.000000,0.002291,0.000000,0.017507,0.028454,0.005109,0.074946
Packaging,0.145914,0.090018,0.060679,0.013091,0.006723,0.065912,0.004331,0.002425,0.003131,0.392224
Building_Construction,0.014688,0.033215,0.006092,0.005550,0.066882,0.000000,0.027336,0.011964,0.011536,0.177262
Electrical_Electronic,0.004645,0.000654,0.004698,0.004014,0.004840,0.000000,0.002407,0.020371,0.003296,0.044925
Household_Leisure_Sports,0.071301,0.029047,0.050164,0.021688,0.009900,0.000000,0.026176,0.009280,0.013991,0.231548
Agriculture,0.001101,0.000083,0.003436,0.000130,0.000908,0.000065,0.000000,0.000713,0.001232,0.007666
Others,0.006803,0.003256,0.009844,0.000359,0.004889,0.000000,0.015229,0.011091,0.019957,0.071429