Major_Market_Sector,LLDPE_LDPE,HDPE,PP,PS,PVC,PET,PUR,Other Thermoplastics,Other Thermosets,Sum
Transportation,0.0044,0.00684,0.0204,0.00047,0.00178,0,0.01206,0.02539,0.00646,0.077802
Packaging,0.10783,0.06876,0.10326,0.0131,0.00495,0.07399,0.00178,0.00226,0.00396,0.379898
Building_Construction,0.01436,0.02535,0.01055,0.01257,0.09057,0,0.02098,0.01038,0.01458,0.199342
Electrical_Electronic,0.00662,0.0038,0.00791,0.00684,0.0077,0.00007,0.00806,0.03159,0.00417,0.076753
Household_Leisure_Sports,0.02736,0.01317,0.02969,0.0105,0.00797,0.00198,0.03145,0.00953,0.01769,0.149346
Agriculture,0.0119,0.00636,0.00474,0.00018,0.00472,0.00009,0,0.00098,0.00333,0.032294
Others,0.01013,0.00551,0.01169,0.00122,0.0047,0.00118,0.01301,0.01189,0.02523,0.084565