Sector,LLDPE_LDPE,HDPE,PP,PS,PVC,PET,PUR,Other Thermoplastics,Other Thermosets
Transportation,0.0095234,0.0072727,0.0272301,0.0000000,0.0000000,0.0000000,0.0062750,0.0118967,0.0079603
Packaging,0.0571405,0.0436364,0.1543040,0.0087035,0.0000000,0.0726284,0.0000000,0.0012963,0.0048789
Building Construction,0.0190468,0.0145455,0.0090767,0.0014506,0.1352397,0.0000000,0.0152517,0.0041105,0.0179749
Electrical Electronic,0.0095234,0.0072727,0.0090767,0.0130552,0.0156046,0.0000000,0.0152517,0.0487654,0.0051357
Household Leisure Sports,0.0060176,0.0045955,0.0114707,0.0036663,0.0087646,0.0057365,0.0456025,0.0076375,0.0218010
Agriculture,0.0238085,0.0181818,0.0000000,0.0000000,0.0104031,0.0000000,0.0000000,0.0000000,0.0048789
Others,0.0035058,0.0026773,0.0066827,0.0021360,0.0051061,0.0033420,0.0091510,0.0106099,0.0310967