Major_Market_Sector,LLDPE_LDPE,HDPE,PP,PS,PVC,PET,PUR,Other Thermoplastics,Other Thermosets,Sum
Transportation,0.0002111,0.0065324,0.0148424,0.0000000,0.0022909,0.0000000,0.0175065,0.0284541,0.0051088,0.0749461
Packaging,0.1459141,0.0900180,0.0606791,0.0130905,0.0067229,0.0659122,0.0043312,0.0024251,0.0031312,0.3922244
Building_Construction,0.0146875,0.0332149,0.0060924,0.0055495,0.0668818,0.0000000,0.0273361,0.0119636,0.0115359,0.1772619
Electrical_Electronic,0.0046448,0.0006542,0.0046979,0.0040140,0.0048404,0.0000000,0.0024074,0.0203705,0.0032960,0.0449251
Household_Leisure_Sports,0.0713011,0.0290472,0.0501642,0.0216882,0.0098995,0.0000000,0.0261764,0.0092799,0.0139914,0.2315480
Agriculture,0.0011006,0.0000831,0.0034356,0.0001296,0.0009075,0.0000648,0.0000000,0.0007130,0.0012316,0.0076660
Others,0.0068031,0.0032561,0.0098441,0.0003592,0.0048895,0.0000000,0.0152288,0.0110906,0.0199572,0.0714285