Major_Market_Sector,LLDPE_LDPE,HDPE,PP,PS,PVC,PET,PUR,Other Thermoplastics,Other Thermosets,Sum
Transportation,0.0034588,0.0067141,0.0191251,0.0014242,0.0030519,0.0000000,0.0124110,0.0358087,0.0063072,0.0883011
Packaging,0.1204476,0.0726348,0.0948118,0.0174975,0.0081384,0.0834181,0.0010173,0.0030519,0.0038657,0.4048830
Building_Construction,0.0093591,0.0282808,0.0164802,0.0307223,0.0695829,0.0000000,0.0203459,0.0150560,0.0142421,0.2040692
Electrical_Electronic,0.0056968,0.0034588,0.0099695,0.0034588,0.0026450,0.0002035,0.0065107,0.0256358,0.0040692,0.0616480
Household_Leisure_Sports,0.0047484,0.0058763,0.0274418,0.0061498,0.0052577,0.0002035,0.0225678,0.0116785,0.0172737,0.1011973
Agriculture,0.0107833,0.0008138,0.0107833,0.0004069,0.0028484,0.0002035,0.0000000,0.0022380,0.0038657,0.0319430
Others,0.0200736,0.0106039,0.0185399,0.0011747,0.0041014,0.0002035,0.0146652,0.0139573,0.0246389,0.1079584